服务月数tenure,年龄age,婚姻状况marital,地址居住年数address,家庭收入income,受教育水平ed,现职位工作年数employ,是否退休retire,性别gender,家庭人数reside,免费电话服务tollfree,设备租赁equip,电话卡服务callcard,无线服务wireless,上月长途longmon,上月免费电话tollmon,上月设备equipmon,上月电话卡cardmon,上月无线wiremon,多线路multline,语音邮件voice,寻呼服务pager,互联网internet,来电显示callid,呼叫等待callwait,呼叫转移forward,是否支持电话会议confer,是否支持电子凭证ebill,客户类别custcat,是否流失churn
13.0,44.0,1,9.0,64.0,3,5.0,1,1,2.0,0,0,1,0,3.7,0.0,0.0,7.5,0.0,0,0,0,0,0,0,1,0,0,0,1
11.0,33.0,1,7.0,136.0,4,5.0,1,1,6.0,1,0,1,1,4.4,20.75,0.0,15.25,35.7,0,1,1,0,1,1,1,1,0,3,1
33.0,33.0,0,12.0,33.0,1,0.0,1,0,1.0,0,0,0,0,9.45,0.0,0.0,0.0,0.0,0,0,0,0,0,0,0,0,0,0,1
41.0,39.0,0,17.0,78.0,1,16.0,1,0,1.0,1,0,1,0,11.8,19.25,0.0,13.5,0.0,0,0,0,0,1,1,0,0,0,2,0
45.0,22.0,1,2.0,19.0,1,4.0,1,0,5.0,0,0,1,0,10.9,0.0,0.0,8.75,0.0,1,0,0,1,0,1,0,0,1,1,1
45.0,59.0,1,7.0,166.0,3,31.0,1,1,5.0,1,0,1,0,9.75,28.5,0.0,12.0,0.0,1,0,0,0,1,1,1,1,0,2,0
68.0,41.0,1,21.0,72.0,0,22.0,1,1,3.0,0,0,1,0,24.15,0.0,0.0,16.5,0.0,1,0,0,0,0,0,0,0,0,1,0
7.0,35.0,0,14.0,80.0,1,15.0,1,0,1.0,1,0,1,0,7.1,22.0,0.0,23.75,0.0,0,1,0,0,1,1,1,1,0,2,0
41.0,38.0,1,8.0,37.0,1,9.0,1,0,3.0,0,0,1,0,8.55,0.0,0.0,41.75,0.0,0,0,0,0,0,0,0,0,0,0,0
29.0,38.0,1,12.0,75.0,4,1.0,1,1,4.0,0,1,1,0,5.1,0.0,30.25,11.25,0.0,1,0,0,1,0,0,0,0,0,1,0
60.0,57.0,0,38.0,162.0,1,30.0,1,1,1.0,1,1,1,0,16.15,29.75,31.3,30.0,0.0,1,0,0,0,1,1,1,1,0,2,0
1.0,24.0,0,3.0,20.0,0,3.0,1,1,1.0,0,0,0,0,1.05,0.0,0.0,0.0,0.0,0,0,0,0,0,0,0,0,0,0,0
53.0,33.0,0,10.0,101.0,4,4.0,1,0,2.0,0,1,1,1,5.3,0.0,49.6,26.75,51.4,1,1,0,1,0,1,1,1,1,3,0
14.0,43.0,1,18.0,36.0,0,5.0,1,1,5.0,1,0,1,0,12.5,19.75,0.0,18.0,0.0,0,0,0,0,1,1,1,1,0,2,0
25.0,33.0,1,11.0,31.0,0,5.0,1,1,4.0,0,0,0,0,9.1,0.0,0.0,0.0,0.0,1,0,0,0,1,0,1,0,0,2,0
9.0,21.0,1,1.0,17.0,1,2.0,1,0,3.0,0,0,0,0,2.9,0.0,0.0,0.0,0.0,0,0,0,0,1,0,0,0,0,0,0
56.0,37.0,1,6.0,36.0,0,13.0,1,0,2.0,0,1,1,0,10.6,0.0,31.1,18.25,0.0,1,0,0,1,0,0,0,0,1,1,0
44.0,57.0,1,1.0,186.0,1,17.0,1,1,2.0,1,0,1,1,9.8,33.5,0.0,36.0,41.65,1,1,0,0,1,1,1,1,0,2,0
11.0,41.0,1,0.0,39.0,0,1.0,1,0,2.0,1,0,1,0,6.55,29.25,0.0,19.75,0.0,0,1,0,0,1,1,1,1,0,2,1
47.0,41.0,1,0.0,36.0,3,8.0,1,1,2.0,0,1,1,1,7.75,0.0,37.45,18.5,38.8,1,0,1,1,0,1,0,1,1,3,1
9.0,34.0,1,9.0,33.0,1,8.0,1,0,4.0,0,1,0,0,2.95,0.0,22.95,0.0,0.0,0,0,0,0,0,0,0,0,0,0,1
5.0,36.0,0,14.0,29.0,1,9.0,1,0,1.0,1,0,1,1,3.25,31.5,0.0,15.5,26.75,0,0,0,1,1,1,1,1,1,2,1
52.0,27.0,0,6.0,47.0,2,5.0,1,1,2.0,1,0,1,0,6.25,18.5,0.0,14.25,0.0,0,0,0,0,1,0,0,0,1,0,0
36.0,45.0,1,1.0,94.0,1,18.0,1,0,5.0,1,1,0,0,7.2,15.75,28.35,0.0,0.0,0,0,1,1,1,0,0,1,0,0,1
27.0,34.0,0,8.0,21.0,2,4.0,1,0,1.0,0,0,0,0,7.65,0.0,0.0,0.0,0.0,1,0,0,0,0,0,0,0,0,1,0
55.0,39.0,1,15.0,137.0,1,20.0,1,0,2.0,1,0,1,0,12.7,27.5,0.0,11.5,0.0,0,1,0,0,1,1,1,1,0,2,1
35.0,55.0,0,24.0,30.0,1,2.0,1,1,1.0,0,0,1,0,10.25,0.0,0.0,15.75,0.0,0,0,0,0,0,0,0,0,0,0,0
36.0,47.0,1,16.0,63.0,0,23.0,1,1,2.0,0,0,1,0,9.05,0.0,0.0,6.75,0.0,0,0,0,0,0,0,0,0,0,0,0
16.0,27.0,0,5.0,37.0,2,5.0,1,1,4.0,0,0,0,0,6.0,0.0,0.0,0.0,0.0,0,0,0,0,0,0,0,0,0,0,0
40.0,38.0,1,10.0,85.0,2,12.0,1,1,2.0,0,0,0,0,10.6,0.0,0.0,0.0,0.0,0,0,0,0,1,1,1,1,0,2,1
45.0,52.0,1,4.0,169.0,3,29.0,1,0,4.0,0,1,1,0,14.65,0.0,40.45,14.25,0.0,1,0,0,1,0,0,0,0,0,1,0
10.0,26.0,0,6.0,34.0,2,3.0,1,1,1.0,0,1,0,0,4.85,0.0,27.7,0.0,0.0,1,0,0,0,0,0,0,0,0,1,0
62.0,54.0,1,2.0,50.0,3,3.0,1,1,2.0,0,1,1,1,17.25,0.0,48.0,87.5,33.25,1,1,1,1,1,0,1,0,1,3,1
4.0,35.0,0,16.0,161.0,4,6.0,1,0,1.0,1,1,0,1,3.4,23.75,49.8,0.0,35.75,0,1,1,1,1,1,1,1,1,3,1
42.0,47.0,1,17.0,212.0,3,17.0,1,1,2.0,1,0,1,0,7.45,26.75,0.0,24.75,0.0,0,0,0,0,1,1,1,0,0,2,0
52.0,61.0,1,3.0,53.0,4,1.0,1,0,2.0,0,1,1,1,12.25,0.0,38.4,8.75,35.95,1,1,0,1,0,0,0,1,1,1,0
35.0,33.0,0,9.0,73.0,4,4.0,1,0,1.0,1,0,1,1,5.85,38.25,0.0,22.25,40.35,1,1,1,1,1,1,1,1,1,3,0
43.0,36.0,1,5.0,107.0,0,19.0,1,0,3.0,1,0,1,0,11.55,12.75,0.0,21.5,0.0,1,0,0,0,0,0,0,0,0,1,1
47.0,25.0,1,5.0,21.0,0,1.0,1,0,2.0,1,0,1,0,8.65,30.5,0.0,9.0,0.0,0,0,0,0,0,1,1,1,0,2,1
65.0,58.0,0,30.0,83.0,1,16.0,1,0,1.0,0,0,1,0,19.3,0.0,0.0,22.75,0.0,1,0,0,0,0,1,0,0,0,1,0
64.0,25.0,1,4.0,76.0,2,2.0,1,0,6.0,0,1,1,0,24.05,0.0,35.4,21.25,0.0,1,0,0,0,1,0,1,1,1,2,0
29.0,32.0,1,0.0,49.0,3,3.0,1,0,3.0,0,1,0,0,6.7,0.0,33.0,0.0,0.0,1,0,1,1,0,0,0,0,1,1,1
23.0,47.0,0,21.0,173.0,2,22.0,1,0,1.0,0,0,0,0,7.6,0.0,0.0,0.0,0.0,1,0,0,0,1,0,0,1,1,1,0
14.0,35.0,0,4.0,47.0,2,10.0,1,0,1.0,1,0,0,1,5.0,21.75,0.0,0.0,24.15,1,0,0,0,0,0,1,1,1,1,1
35.0,61.0,0,23.0,41.0,1,11.0,1,1,1.0,0,0,1,0,9.6,0.0,0.0,9.5,0.0,0,0,0,0,0,0,0,0,0,0,0
26.0,39.0,0,8.0,105.0,2,13.0,1,0,1.0,1,0,1,1,6.6,39.75,0.0,37.25,38.25,1,1,1,0,1,1,1,1,1,3,0
69.0,40.0,1,13.0,41.0,1,17.0,1,1,3.0,0,0,1,0,25.25,0.0,0.0,33.0,0.0,1,0,0,0,0,0,0,0,0,1,0
45.0,22.0,1,2.0,36.0,3,0.0,1,0,5.0,1,1,0,0,9.95,14.75,26.15,0.0,0.0,1,0,0,0,0,0,0,0,0,1,1
3.0,37.0,0,13.0,24.0,0,3.0,1,0,1.0,0,0,0,0,2.0,0.0,0.0,0.0,0.0,0,1,0,0,0,0,0,1,1,0,0
31.0,31.0,0,4.0,48.0,0,15.0,1,1,1.0,0,0,0,0,3.8,0.0,0.0,0.0,0.0,0,0,0,0,0,1,1,1,0,2,0
40.0,29.0,1,6.0,40.0,1,8.0,1,0,5.0,0,0,0,0,13.0,0.0,0.0,0.0,0.0,0,0,0,0,0,1,1,1,0,2,0
48.0,55.0,0,15.0,79.0,0,25.0,1,1,1.0,0,0,1,0,13.8,0.0,0.0,25.5,0.0,0,0,0,0,1,1,1,1,0,2,0
3.0,31.0,0,1.0,28.0,0,0.0,1,1,1.0,1,1,1,0,3.45,15.5,23.3,23.5,0.0,0,0,0,1,0,0,1,0,0,0,1
51.0,48.0,0,12.0,64.0,1,22.0,1,0,1.0,0,0,1,0,14.8,0.0,0.0,17.0,0.0,0,0,0,0,0,0,0,0,0,0,0
33.0,41.0,0,15.0,37.0,1,11.0,1,1,1.0,0,0,0,0,12.2,0.0,0.0,0.0,0.0,0,0,0,0,0,0,0,0,0,0,0
14.0,47.0,1,7.0,48.0,0,13.0,1,1,2.0,1,0,0,0,4.25,11.0,0.0,0.0,0.0,0,0,0,0,0,0,0,1,0,0,0
19.0,29.0,1,9.0,18.0,1,2.0,1,1,3.0,0,0,0,0,5.4,0.0,0.0,0.0,0.0,0,0,0,1,0,0,1,0,1,0,1
58.0,36.0,0,10.0,38.0,1,14.0,1,0,1.0,0,0,1,0,10.15,0.0,0.0,17.75,0.0,1,0,0,0,0,0,0,0,0,1,0
14.0,22.0,1,2.0,13.0,2,0.0,1,0,4.0,0,1,0,0,9.45,0.0,26.85,0.0,0.0,1,0,0,1,0,0,0,0,0,1,1
50.0,50.0,1,22.0,150.0,4,5.0,1,0,4.0,0,1,1,0,19.3,0.0,33.4,50.75,0.0,1,1,0,1,0,0,1,0,1,1,1
2.0,40.0,0,19.0,51.0,3,14.0,1,0,1.0,0,0,0,0,4.25,0.0,0.0,0.0,0.0,0,1,0,1,0,0,0,0,1,0,0
40.0,38.0,0,17.0,96.0,3,0.0,1,0,1.0,0,0,0,0,9.3,0.0,0.0,0.0,0.0,0,0,0,0,0,0,0,0,0,0,0
23.0,25.0,1,6.0,38.0,1,1.0,1,0,3.0,1,1,1,0,13.9,23.25,28.5,3.75,0.0,1,0,1,0,0,1,1,0,0,2,0
11.0,32.0,0,6.0,125.0,3,5.0,1,1,1.0,1,1,1,1,3.8,19.25,61.45,19.0,58.25,1,1,1,1,1,1,1,1,1,3,1
42.0,44.0,1,2.0,99.0,1,21.0,1,1,3.0,1,0,1,0,22.05,34.75,0.0,9.75,0.0,1,0,0,0,0,1,0,1,0,2,0
20.0,34.0,1,2.0,22.0,3,0.0,1,0,3.0,1,1,1,1,4.85,18.25,35.05,34.75,31.65,0,0,1,1,1,1,1,1,1,3,0
46.0,25.0,0,5.0,57.0,4,0.0,1,0,2.0,1,1,1,1,20.25,21.25,39.4,9.75,28.35,0,0,0,1,0,0,1,1,1,0,0
59.0,43.0,1,4.0,101.0,1,22.0,1,0,5.0,0,0,1,0,13.65,0.0,0.0,20.75,0.0,1,0,0,0,0,0,0,1,0,1,0
50.0,27.0,1,5.0,22.0,1,5.0,1,0,3.0,0,0,1,0,17.2,0.0,0.0,13.25,0.0,0,0,0,0,0,0,0,0,0,0,0
57.0,37.0,0,11.0,108.0,3,9.0,1,0,1.0,1,1,1,0,21.8,27.25,42.0,8.0,0.0,1,0,0,1,1,1,0,1,0,2,0
61.0,48.0,0,14.0,115.0,3,20.0,1,0,1.0,1,1,1,1,12.8,16.0,39.2,17.25,31.0,1,1,1,1,1,0,1,1,1,3,0
34.0,54.0,0,31.0,53.0,3,22.0,1,1,1.0,1,1,1,1,8.1,18.0,45.6,56.5,66.9,1,1,1,1,0,0,1,0,1,3,0
4.0,47.0,0,5.0,123.0,3,11.0,1,1,1.0,0,1,1,0,2.5,0.0,25.3,13.75,0.0,0,0,0,1,0,0,1,0,1,0,0
15.0,35.0,0,0.0,34.0,0,12.0,1,1,1.0,0,0,0,0,3.95,0.0,0.0,0.0,0.0,0,0,0,0,0,0,0,0,0,0,0
25.0,29.0,1,8.0,31.0,3,3.0,1,0,5.0,0,1,0,0,12.95,0.0,33.05,0.0,0.0,1,0,0,1,0,0,0,0,1,1,1
21.0,44.0,0,25.0,47.0,0,12.0,1,0,2.0,0,0,1,0,7.05,0.0,0.0,14.5,0.0,0,0,0,0,1,1,1,1,0,2,0
50.0,37.0,1,11.0,48.0,2,8.0,1,0,2.0,1,0,1,0,12.9,27.75,0.0,8.75,0.0,0,0,0,0,1,1,1,1,0,2,0
65.0,64.0,1,22.0,13.0,1,5.0,0,0,3.0,1,0,1,0,14.6,33.0,0.0,15.75,0.0,0,0,0,0,1,1,1,1,0,2,0
29.0,26.0,0,7.0,34.0,0,7.0,1,0,2.0,0,0,1,0,6.5,0.0,0.0,16.0,0.0,0,0,0,0,1,1,0,0,0,2,0
38.0,27.0,1,0.0,26.0,3,2.0,1,1,4.0,0,1,1,1,12.2,0.0,38.75,9.25,28.05,0,1,1,1,1,1,1,0,1,3,1
16.0,34.0,1,5.0,51.0,1,8.0,1,0,5.0,0,0,1,0,4.7,0.0,0.0,16.5,0.0,0,0,0,0,0,0,0,0,0,0,0
59.0,53.0,0,21.0,112.0,3,16.0,1,1,1.0,0,1,0,1,21.1,0.0,38.55,0.0,25.3,1,0,0,1,0,0,0,0,1,1,1
18.0,48.0,1,20.0,41.0,0,2.0,1,0,2.0,1,0,1,0,4.35,13.0,0.0,8.0,0.0,0,0,0,0,1,1,0,0,0,0,0
7.0,33.0,0,4.0,29.0,3,4.0,1,0,3.0,0,1,0,0,4.65,0.0,28.35,0.0,0.0,0,0,0,1,0,0,0,0,1,0,1
64.0,55.0,0,28.0,104.0,0,26.0,1,0,1.0,0,0,1,0,15.0,0.0,0.0,39.25,0.0,0,0,0,0,1,0,0,1,0,2,0
42.0,22.0,1,0.0,46.0,3,0.0,1,1,2.0,1,1,1,1,9.35,20.25,51.35,6.0,36.0,1,1,1,1,0,1,1,0,0,3,1
3.0,33.0,0,8.0,51.0,3,0.0,1,0,1.0,0,1,0,0,2.9,0.0,19.9,0.0,0.0,0,0,0,0,0,0,0,0,0,0,1
69.0,42.0,1,11.0,65.0,1,18.0,1,1,2.0,1,1,1,1,14.2,30.5,64.2,31.5,66.55,1,1,1,1,1,1,1,1,1,3,0
9.0,33.0,0,1.0,48.0,1,13.0,1,1,2.0,1,0,1,0,3.15,13.25,0.0,30.5,0.0,0,0,0,0,1,1,0,0,0,0,0
33.0,54.0,1,18.0,57.0,3,4.0,1,0,3.0,1,1,0,0,7.5,30.25,33.9,0.0,0.0,1,0,0,1,1,1,1,0,0,2,1
13.0,33.0,0,7.0,38.0,2,10.0,1,0,1.0,1,1,1,1,5.05,18.5,40.8,12.5,28.85,0,1,1,1,0,1,1,1,1,3,0
13.0,21.0,0,2.0,19.0,2,0.0,1,0,1.0,0,1,1,0,7.9,0.0,25.2,5.0,0.0,1,0,0,1,0,0,0,0,0,1,1
71.0,39.0,0,2.0,40.0,2,17.0,1,1,1.0,1,0,1,0,36.25,27.75,0.0,38.5,0.0,1,1,0,0,0,1,0,1,0,2,0
22.0,43.0,0,4.0,114.0,1,19.0,1,1,1.0,0,1,0,0,9.25,0.0,22.7,0.0,0.0,0,0,0,0,0,0,0,0,0,0,0
24.0,39.0,0,2.0,122.0,3,12.0,1,1,3.0,1,0,1,1,4.45,26.25,0.0,9.75,35.9,0,0,1,1,1,1,1,1,0,3,0
64.0,24.0,1,0.0,23.0,2,1.0,1,0,5.0,0,1,0,0,7.0,0.0,35.55,0.0,0.0,1,0,0,1,0,1,0,1,0,1,0
63.0,63.0,1,19.0,191.0,2,27.0,1,1,2.0,0,0,1,0,12.7,0.0,0.0,7.0,0.0,1,0,0,0,0,0,0,0,0,1,0
29.0,37.0,1,9.0,119.0,2,12.0,1,1,3.0,0,0,0,0,4.6,0.0,0.0,0.0,0.0,0,0,0,0,0,0,0,0,0,0,0
10.0,27.0,1,2.0,15.0,2,2.0,1,0,2.0,1,1,1,1,7.5,12.75,48.65,7.5,39.5,1,1,1,1,1,1,1,1,1,3,1
72.0,64.0,0,41.0,674.0,3,37.0,1,0,1.0,1,0,1,1,49.6,32.75,0.0,48.75,60.15,1,1,0,0,1,1,1,1,0,2,0
52.0,23.0,1,4.0,33.0,3,0.0,1,0,2.0,1,0,1,0,13.1,18.25,0.0,18.75,0.0,1,0,0,0,1,1,1,1,0,2,0
13.0,55.0,0,3.0,250.0,1,35.0,1,0,2.0,0,0,0,0,4.1,0.0,0.0,0.0,0.0,0,0,0,0,0,0,0,0,0,0,0
3.0,33.0,0,6.0,64.0,3,0.0,1,1,2.0,0,1,0,0,2.15,0.0,20.75,0.0,0.0,0,0,0,0,0,0,0,0,1,0,1
46.0,42.0,0,9.0,52.0,3,7.0,1,1,3.0,0,0,1,0,14.25,0.0,0.0,21.0,0.0,1,0,0,0,0,0,0,0,0,1,0
23.0,33.0,1,7.0,28.0,0,4.0,1,1,2.0,0,0,1,0,6.9,0.0,0.0,14.0,0.0,0,0,0,0,1,1,1,0,0,2,0
23.0,25.0,1,5.0,19.0,4,0.0,1,1,3.0,1,1,0,0,6.95,25.0,36.7,0.0,0.0,1,1,0,1,0,1,1,0,1,3,1
8.0,30.0,0,1.0,34.0,1,9.0,1,0,1.0,0,0,1,0,4.25,0.0,0.0,13.25,0.0,0,0,0,0,1,0,1,1,0,2,0
6.0,30.0,0,9.0,45.0,1,2.0,1,0,1.0,0,0,0,0,1.35,0.0,0.0,0.0,0.0,0,0,0,0,0,0,0,0,0,0,1
69.0,51.0,0,18.0,96.0,0,33.0,1,1,4.0,1,0,1,0,33.95,87.0,0.0,33.5,0.0,1,0,0,0,1,1,1,1,0,2,0
71.0,47.0,1,23.0,142.0,0,30.0,1,1,2.0,0,0,1,0,32.2,0.0,0.0,82.25,0.0,1,0,0,0,0,0,0,0,0,1,0
7.0,37.0,0,5.0,57.0,3,1.0,1,1,1.0,0,0,0,0,3.8,0.0,0.0,0.0,0.0,0,0,0,0,0,0,0,1,0,0,0
63.0,29.0,0,10.0,20.0,2,7.0,1,1,2.0,1,1,1,1,13.3,31.0,62.35,10.0,96.25,1,1,1,1,1,1,1,1,1,3,0
50.0,52.0,1,17.0,36.0,3,16.0,1,1,4.0,1,0,1,1,11.95,55.0,0.0,48.0,85.85,1,1,1,0,1,1,1,1,1,3,0
16.0,19.0,0,0.0,21.0,1,0.0,1,0,1.0,0,0,0,0,5.25,0.0,0.0,0.0,0.0,0,0,0,0,0,1,0,0,0,0,0
43.0,51.0,1,15.0,186.0,2,25.0,1,1,2.0,1,0,1,1,18.9,59.75,0.0,20.25,59.15,1,1,1,0,1,1,1,1,0,3,0
43.0,21.0,1,1.0,25.0,0,4.0,1,1,4.0,0,0,0,0,7.6,0.0,0.0,0.0,0.0,1,0,0,1,0,0,1,1,0,1,1
64.0,45.0,0,4.0,38.0,1,7.0,1,0,1.0,1,0,1,0,13.75,22.75,0.0,10.25,0.0,1,1,0,0,1,0,1,1,0,2,1
24.0,26.0,0,7.0,55.0,1,7.0,1,0,1.0,0,0,0,0,7.6,0.0,0.0,0.0,0.0,0,0,0,0,0,1,0,0,0,0,0
33.0,55.0,1,21.0,64.0,2,10.0,1,0,3.0,1,0,1,0,5.15,14.5,0.0,24.75,0.0,0,0,0,0,0,0,1,1,0,0,0
42.0,48.0,1,22.0,82.0,0,21.0,1,0,5.0,1,0,1,0,9.3,25.0,0.0,17.0,0.0,1,0,0,1,1,1,1,0,1,3,0
3.0,25.0,0,4.0,22.0,3,0.0,1,1,2.0,0,1,1,0,2.85,0.0,28.25,19.5,0.0,0,1,0,1,0,1,1,1,1,3,1
37.0,33.0,0,1.0,102.0,1,12.0,1,1,1.0,0,1,1,1,16.3,0.0,33.35,10.25,37.9,1,0,1,1,1,1,0,0,1,3,0
7.0,27.0,0,5.0,31.0,2,4.0,1,1,5.0,1,1,0,1,4.15,15.0,46.05,0.0,41.85,1,1,1,1,1,1,1,0,1,3,1
71.0,56.0,0,23.0,170.0,0,30.0,1,0,1.0,1,0,1,0,14.2,27.0,0.0,30.0,0.0,1,1,1,0,0,1,1,1,0,3,0
19.0,46.0,0,11.0,26.0,1,0.0,1,0,1.0,0,0,1,0,6.05,0.0,0.0,5.0,0.0,0,0,0,1,0,1,0,1,1,0,0
61.0,40.0,0,15.0,85.0,2,15.0,1,0,1.0,1,0,1,0,13.65,29.25,0.0,22.75,0.0,1,0,0,0,1,1,1,1,1,2,0
48.0,45.0,1,5.0,42.0,0,11.0,1,0,2.0,0,0,0,0,9.25,0.0,0.0,0.0,0.0,0,0,0,0,0,1,0,0,0,0,0
8.0,63.0,1,1.0,31.0,0,9.0,1,1,2.0,1,0,1,0,2.25,13.75,0.0,11.25,0.0,0,0,0,0,1,0,1,1,0,2,0
33.0,33.0,0,4.0,53.0,1,14.0,1,0,1.0,0,0,0,0,5.05,0.0,0.0,0.0,0.0,0,0,0,0,1,0,0,0,0,0,0
39.0,25.0,0,4.0,18.0,0,0.0,1,0,1.0,0,0,0,0,6.75,0.0,0.0,0.0,0.0,1,0,0,0,1,1,0,1,0,2,0
62.0,51.0,0,10.0,43.0,3,19.0,1,1,2.0,0,1,1,1,27.15,0.0,42.7,17.0,41.15,1,0,1,1,1,0,0,0,1,1,0
65.0,33.0,1,9.0,49.0,1,6.0,1,1,5.0,1,0,1,0,42.9,17.25,0.0,17.5,0.0,1,0,0,0,0,0,1,0,0,1,0
61.0,46.0,0,5.0,318.0,2,18.0,1,0,1.0,1,0,1,0,28.9,39.25,0.0,84.75,0.0,1,1,0,0,1,1,1,1,0,2,0
48.0,42.0,0,21.0,35.0,3,5.0,1,1,1.0,0,0,0,0,12.9,0.0,0.0,0.0,0.0,1,0,0,0,0,1,1,0,0,2,0
51.0,28.0,0,8.0,43.0,4,1.0,1,1,5.0,1,1,1,1,11.15,35.0,77.7,20.0,80.35,1,1,1,1,1,1,1,1,1,3,0
35.0,39.0,1,11.0,30.0,2,2.0,1,0,3.0,1,0,0,0,6.85,27.75,0.0,0.0,0.0,0,0,1,0,0,0,1,1,0,2,1
58.0,70.0,0,2.0,9.0,2,24.0,0,0,1.0,0,1,1,1,23.3,0.0,48.35,29.75,35.15,1,0,0,1,0,0,0,1,0,1,0
23.0,35.0,1,0.0,23.0,1,1.0,1,1,5.0,0,0,0,0,6.7,0.0,0.0,0.0,0.0,0,0,0,0,1,0,1,1,0,2,0
26.0,39.0,1,15.0,58.0,3,9.0,1,0,2.0,1,0,1,1,8.65,21.25,0.0,6.5,19.65,0,0,0,1,1,0,1,1,0,2,0
38.0,37.0,1,1.0,52.0,0,20.0,1,0,4.0,1,0,1,1,12.2,41.5,0.0,18.75,54.4,1,1,1,0,1,1,1,1,0,3,0
48.0,43.0,1,1.0,60.0,1,12.0,1,1,2.0,1,1,1,0,15.5,19.25,29.6,31.5,0.0,1,0,0,0,0,1,0,0,0,1,0
30.0,27.0,0,4.0,47.0,3,2.0,1,0,2.0,0,0,1,0,10.75,0.0,0.0,21.25,0.0,1,0,0,1,0,0,0,0,0,1,1
24.0,43.0,0,14.0,138.0,3,11.0,1,0,1.0,1,0,1,1,6.65,20.25,0.0,8.0,24.65,1,0,0,1,1,1,0,1,0,2,0
50.0,52.0,0,30.0,214.0,2,22.0,1,1,1.0,1,1,1,1,11.5,26.25,40.7,12.0,48.3,1,1,0,1,1,1,1,1,1,3,0
48.0,32.0,0,2.0,88.0,2,9.0,1,1,1.0,1,0,1,1,6.15,33.75,0.0,29.75,44.75,1,1,1,1,1,1,1,1,0,3,0
42.0,36.0,1,8.0,86.0,1,15.0,1,0,2.0,0,1,0,0,9.8,0.0,30.6,0.0,0.0,1,0,0,0,0,0,0,0,0,1,0
17.0,41.0,1,7.0,25.0,1,17.0,1,1,3.0,0,1,0,0,6.45,0.0,29.0,0.0,0.0,0,0,0,1,1,1,1,0,1,2,0
66.0,61.0,0,26.0,361.0,0,40.0,1,0,1.0,0,0,1,0,12.75,0.0,0.0,38.5,0.0,1,0,0,0,0,0,0,1,0,1,0
28.0,33.0,1,3.0,14.0,3,1.0,1,1,3.0,1,1,0,1,4.55,15.75,33.0,0.0,23.95,1,0,1,1,0,1,1,0,1,3,1
12.0,64.0,0,13.0,9.0,1,6.0,0,0,1.0,1,1,1,0,3.8,30.0,32.8,8.5,0.0,0,0,0,1,1,1,1,1,1,2,0
48.0,49.0,0,18.0,39.0,1,5.0,1,0,1.0,1,1,1,1,7.0,24.5,42.8,23.5,30.75,1,1,1,0,1,1,1,1,0,3,1
21.0,44.0,1,4.0,26.0,2,2.0,1,1,2.0,1,1,1,1,7.55,41.0,42.35,23.5,35.75,0,1,1,1,1,1,1,1,0,3,0
41.0,45.0,0,14.0,25.0,2,6.0,1,1,1.0,0,1,1,1,7.8,0.0,42.4,14.0,23.2,0,0,0,1,0,0,1,1,1,0,1
1.0,26.0,1,3.0,30.0,1,7.0,1,0,5.0,0,1,0,0,1.05,0.0,15.4,0.0,0.0,0,0,0,0,0,0,0,0,1,0,1
23.0,27.0,1,2.0,51.0,4,1.0,1,0,2.0,0,1,0,0,3.9,0.0,24.15,0.0,0.0,0,1,0,0,0,0,0,0,0,0,1
26.0,42.0,0,20.0,49.0,2,13.0,1,1,1.0,1,1,1,1,3.5,25.0,43.65,24.5,27.7,1,1,1,1,1,1,1,1,1,3,1
54.0,43.0,0,12.0,53.0,1,12.0,1,1,1.0,1,0,1,0,14.35,32.25,0.0,16.75,0.0,1,0,0,0,1,1,1,1,0,2,0
26.0,26.0,0,2.0,14.0,1,6.0,1,0,1.0,1,1,0,1,7.8,36.5,38.7,0.0,27.9,1,0,1,1,1,0,1,1,1,3,1
14.0,36.0,0,13.0,67.0,4,4.0,1,0,1.0,0,1,0,0,14.05,0.0,25.1,0.0,0.0,0,0,0,1,0,1,0,0,0,0,0
22.0,51.0,0,27.0,49.0,2,1.0,1,1,1.0,0,1,1,0,9.0,0.0,30.45,17.5,0.0,0,0,1,0,0,0,1,0,1,0,0
20.0,37.0,0,5.0,46.0,2,10.0,1,0,4.0,0,1,1,1,4.9,0.0,44.6,6.25,41.35,1,1,1,1,1,0,1,1,1,3,0
67.0,60.0,1,32.0,93.0,0,21.0,1,1,4.0,0,1,1,0,18.85,0.0,32.0,42.75,0.0,1,0,0,0,0,0,0,0,1,1,0
34.0,55.0,0,2.0,48.0,1,11.0,1,1,1.0,0,0,0,0,4.25,0.0,0.0,0.0,0.0,0,0,0,0,0,0,0,0,0,0,0
28.0,31.0,1,0.0,42.0,3,5.0,1,0,3.0,1,0,0,0,12.25,23.75,0.0,0.0,0.0,1,0,0,0,1,0,0,1,0,2,0
20.0,41.0,1,7.0,67.0,3,14.0,1,0,4.0,0,0,0,0,7.25,0.0,0.0,0.0,0.0,0,0,0,0,0,0,0,0,0,0,0
72.0,41.0,0,20.0,181.0,3,12.0,1,1,1.0,1,1,1,1,27.3,23.25,69.4,7.75,52.4,1,1,1,1,1,1,0,1,1,3,0
30.0,43.0,0,18.0,53.0,3,6.0,1,1,1.0,0,1,0,0,7.0,0.0,26.8,0.0,0.0,0,0,0,1,0,0,0,1,1,0,0
56.0,44.0,0,24.0,87.0,1,19.0,1,1,1.0,1,0,1,0,14.75,42.25,0.0,16.25,0.0,0,0,0,0,1,1,1,1,0,2,0
46.0,47.0,0,22.0,144.0,2,22.0,1,0,2.0,1,0,0,0,3.5,28.25,0.0,0.0,0.0,0,0,0,0,0,1,1,1,0,2,1
60.0,45.0,1,23.0,117.0,3,11.0,1,1,3.0,1,1,1,1,12.4,28.0,51.7,19.5,52.9,1,1,1,1,1,1,1,1,1,3,0
45.0,66.0,0,11.0,87.0,2,25.0,0,0,1.0,0,0,1,0,6.05,0.0,0.0,21.25,0.0,0,0,0,0,1,0,0,0,0,0,0
17.0,38.0,1,19.0,18.0,3,0.0,1,0,4.0,0,0,0,0,8.55,0.0,0.0,0.0,0.0,1,0,0,0,0,0,0,0,0,1,0
57.0,57.0,1,19.0,130.0,2,27.0,1,0,2.0,0,1,1,0,13.55,0.0,30.65,12.75,0.0,1,0,0,1,0,0,0,0,1,1,0
22.0,57.0,1,7.0,264.0,0,35.0,1,0,2.0,0,0,1,0,3.0,0.0,0.0,6.0,0.0,0,0,0,0,1,0,1,1,0,2,0
32.0,23.0,1,2.0,26.0,2,1.0,1,0,6.0,1,1,1,0,11.0,24.0,31.1,28.25,0.0,1,1,0,1,1,1,1,1,0,3,0
69.0,59.0,0,37.0,104.0,1,13.0,1,1,1.0,1,0,1,0,16.0,30.5,0.0,13.75,0.0,1,1,0,0,1,1,1,1,0,2,0
61.0,34.0,1,0.0,70.0,2,7.0,1,0,3.0,1,1,1,1,18.85,30.0,51.95,18.75,47.3,1,1,1,1,1,1,1,1,1,3,1
40.0,57.0,1,18.0,68.0,0,23.0,1,1,2.0,1,0,0,0,13.35,25.75,0.0,0.0,0.0,0,0,0,0,0,1,0,1,0,2,0
61.0,45.0,0,21.0,80.0,1,13.0,1,0,1.0,0,0,1,0,18.1,0.0,0.0,35.25,0.0,1,0,0,0,0,0,0,0,0,1,0
20.0,31.0,1,10.0,39.0,1,3.0,1,0,2.0,0,0,0,0,7.75,0.0,0.0,0.0,0.0,0,0,0,0,0,0,0,0,0,0,0
35.0,38.0,0,7.0,90.0,1,18.0,1,1,4.0,1,0,1,0,6.8,17.75,0.0,14.0,0.0,1,0,1,1,0,1,0,0,1,1,0
60.0,37.0,1,12.0,64.0,4,1.0,1,0,2.0,0,0,1,0,14.85,0.0,0.0,17.5,0.0,1,0,0,0,0,0,0,0,0,1,0
69.0,33.0,1,9.0,52.0,3,9.0,1,0,3.0,0,0,1,0,29.95,0.0,0.0,29.0,0.0,1,0,0,0,0,0,1,1,0,2,0
53.0,31.0,0,10.0,46.0,2,6.0,1,1,2.0,1,1,1,0,27.1,18.5,42.5,37.5,0.0,1,0,1,1,0,0,0,0,0,1,0
33.0,33.0,0,7.0,56.0,1,11.0,1,1,1.0,0,0,1,0,13.45,0.0,0.0,16.0,0.0,0,0,0,0,0,1,0,0,0,0,0
64.0,31.0,1,5.0,46.0,1,7.0,1,0,4.0,0,1,1,1,24.15,0.0,34.8,17.75,33.2,1,1,0,1,0,0,1,0,1,1,0
54.0,27.0,0,3.0,27.0,1,6.0,1,0,5.0,1,1,1,1,12.4,35.0,48.3,5.75,43.5,1,1,1,1,1,1,0,1,1,3,0
28.0,36.0,0,3.0,42.0,2,7.0,1,0,1.0,1,0,1,0,12.9,28.25,0.0,14.0,0.0,0,0,0,1,1,1,1,1,0,2,0
32.0,43.0,0,13.0,146.0,0,27.0,1,0,1.0,1,0,1,1,18.3,33.5,0.0,15.5,17.45,0,0,0,0,1,1,1,1,0,2,0
52.0,46.0,0,17.0,51.0,1,13.0,1,0,3.0,0,0,1,0,12.5,0.0,0.0,15.0,0.0,1,0,0,0,0,0,0,0,0,1,0
52.0,42.0,1,17.0,27.0,2,8.0,1,0,2.0,1,0,1,0,19.65,31.0,0.0,19.75,0.0,0,0,0,1,1,1,1,1,0,2,0
37.0,43.0,0,8.0,38.0,2,9.0,1,1,1.0,0,0,0,0,8.1,0.0,0.0,0.0,0.0,1,0,0,0,0,0,0,0,0,1,0
41.0,52.0,0,26.0,928.0,2,29.0,1,1,3.0,1,0,1,0,7.65,25.0,0.0,13.5,0.0,0,1,0,0,1,1,1,1,0,2,0
43.0,27.0,1,3.0,21.0,1,1.0,1,0,3.0,0,0,1,0,12.65,0.0,0.0,16.5,0.0,1,0,0,0,0,0,0,0,0,1,0
44.0,32.0,1,1.0,96.0,3,5.0,1,0,4.0,1,1,1,1,5.25,22.0,61.95,8.75,57.8,1,1,1,1,1,1,1,1,1,3,0
46.0,45.0,0,12.0,96.0,2,17.0,1,1,1.0,0,1,1,0,10.95,0.0,24.5,9.75,0.0,1,0,0,1,0,0,0,0,1,1,0
5.0,31.0,0,1.0,21.0,2,1.0,1,0,2.0,0,0,0,0,2.6,0.0,0.0,0.0,0.0,0,0,0,0,0,0,0,0,1,0,1
10.0,34.0,0,1.0,52.0,4,3.0,1,0,1.0,0,1,0,1,4.3,0.0,32.55,0.0,25.4,1,0,0,1,0,0,0,0,1,1,1
72.0,69.0,0,45.0,17.0,2,36.0,0,0,1.0,0,0,1,0,38.2,0.0,0.0,28.25,0.0,1,0,0,0,0,0,0,0,0,1,0
58.0,28.0,0,5.0,34.0,4,1.0,1,0,1.0,0,1,1,0,19.9,0.0,41.7,23.75,0.0,1,1,1,1,0,0,0,0,1,1,0
18.0,44.0,1,10.0,107.0,0,19.0,1,0,7.0,0,0,0,0,2.25,0.0,0.0,0.0,0.0,0,0,0,0,0,0,0,0,0,0,0
1.0,20.0,0,1.0,21.0,1,0.0,1,0,2.0,0,1,0,0,0.9,0.0,23.85,0.0,0.0,0,1,1,0,1,0,0,0,1,0,1
49.0,37.0,1,17.0,50.0,1,12.0,1,0,2.0,0,0,1,0,4.2,0.0,0.0,16.5,0.0,1,0,0,0,0,0,0,0,0,1,0
62.0,57.0,1,21.0,94.0,0,22.0,1,1,2.0,1,0,1,0,11.95,32.0,0.0,53.0,0.0,1,0,1,0,1,1,1,1,1,3,0
42.0,57.0,1,25.0,209.0,0,40.0,1,0,4.0,0,0,1,0,9.45,0.0,0.0,11.0,0.0,0,0,0,0,0,0,0,0,0,0,0
13.0,32.0,0,7.0,31.0,3,5.0,1,1,2.0,1,0,1,1,5.05,35.5,0.0,10.5,23.3,0,1,0,0,1,1,1,1,0,2,0
69.0,46.0,1,18.0,66.0,1,19.0,1,1,4.0,0,0,1,0,21.85,0.0,0.0,46.5,0.0,1,0,0,0,0,0,0,0,0,1,0
66.0,42.0,1,18.0,118.0,1,20.0,1,1,2.0,0,0,1,0,26.8,0.0,0.0,21.75,0.0,1,0,0,0,0,0,0,0,0,1,0
15.0,35.0,0,10.0,25.0,1,3.0,1,1,1.0,0,1,0,0,4.75,0.0,21.4,0.0,0.0,0,0,0,1,0,0,0,0,1,0,1
4.0,31.0,0,5.0,39.0,1,5.0,1,1,2.0,1,1,1,1,4.9,26.0,41.55,10.0,36.4,0,1,1,1,1,1,1,1,1,3,1
53.0,64.0,1,10.0,54.0,1,20.0,1,0,2.0,1,1,1,1,9.65,39.25,51.15,53.5,74.8,1,1,1,1,1,1,1,1,1,3,0
1.0,59.0,0,4.0,9.0,0,4.0,0,1,1.0,1,0,1,0,3.8,26.5,0.0,20.5,0.0,0,0,0,0,1,1,1,0,0,2,0
33.0,30.0,0,11.0,28.0,0,9.0,1,1,1.0,0,0,0,0,7.4,0.0,0.0,0.0,0.0,0,0,0,0,0,0,1,0,0,0,0
64.0,39.0,0,5.0,37.0,0,9.0,1,1,1.0,0,0,1,0,10.2,0.0,0.0,17.5,0.0,0,0,0,0,0,0,0,0,0,0,0
28.0,20.0,1,1.0,18.0,2,0.0,1,1,3.0,0,1,0,1,7.7,0.0,38.9,0.0,32.0,1,1,1,1,0,1,0,1,1,3,0
29.0,35.0,1,10.0,55.0,1,7.0,1,1,4.0,1,0,1,0,15.65,21.75,0.0,30.75,0.0,0,0,0,0,0,1,1,1,0,2,1
46.0,31.0,1,12.0,21.0,0,5.0,1,1,5.0,0,0,1,0,8.95,0.0,0.0,9.25,0.0,0,0,0,0,0,1,1,1,0,2,0
15.0,54.0,0,7.0,62.0,0,11.0,1,1,1.0,0,0,0,0,3.15,0.0,0.0,0.0,0.0,0,0,0,0,1,0,0,0,0,0,0
5.0,44.0,0,5.0,83.0,0,16.0,1,0,1.0,0,1,0,0,4.65,0.0,25.25,0.0,0.0,1,0,0,0,0,1,0,0,0,1,1
69.0,63.0,0,28.0,168.0,0,43.0,1,0,2.0,1,0,1,0,14.5,44.25,0.0,18.25,0.0,0,0,0,0,1,1,1,1,0,2,0
26.0,30.0,0,9.0,18.0,3,1.0,1,1,3.0,1,0,1,0,7.25,25.5,0.0,32.5,0.0,0,1,1,0,1,1,1,1,0,3,1
25.0,30.0,0,0.0,20.0,0,4.0,1,0,1.0,1,0,1,0,8.55,21.75,0.0,15.5,0.0,0,0,0,0,1,1,0,1,0,2,0
21.0,39.0,1,7.0,25.0,1,1.0,1,1,4.0,1,0,1,1,8.5,27.0,0.0,20.0,31.25,0,0,0,0,1,1,1,1,0,2,0
71.0,46.0,0,27.0,119.0,4,7.0,1,0,1.0,0,1,1,1,42.85,0.0,70.05,15.0,111.95,1,1,1,1,0,0,1,1,1,3,0
11.0,48.0,1,5.0,323.0,3,25.0,1,1,4.0,1,0,1,1,5.25,30.0,0.0,21.75,25.75,0,0,0,1,1,1,1,1,0,2,1
65.0,59.0,1,27.0,197.0,3,26.0,1,1,2.0,0,1,1,0,45.4,0.0,25.75,46.75,0.0,1,0,1,0,0,0,0,0,1,1,0
60.0,44.0,1,4.0,150.0,1,24.0,1,1,2.0,1,0,1,1,20.0,63.5,0.0,15.0,36.8,1,1,1,0,1,1,1,1,1,3,0
19.0,37.0,1,4.0,99.0,1,15.0,1,0,3.0,0,0,0,0,8.0,0.0,0.0,0.0,0.0,1,0,0,1,1,0,0,0,1,1,1
54.0,40.0,0,19.0,50.0,3,12.0,1,0,2.0,0,0,1,1,22.8,0.0,0.0,5.0,33.05,1,1,0,1,1,1,1,1,1,3,0
14.0,31.0,1,9.0,39.0,2,4.0,1,0,7.0,0,0,0,0,4.4,0.0,0.0,0.0,0.0,0,0,0,0,0,0,0,0,0,0,0
7.0,23.0,0,3.0,27.0,1,1.0,1,0,3.0,1,0,1,0,3.65,9.5,0.0,7.0,0.0,0,0,0,0,0,1,1,0,0,0,0
33.0,45.0,0,24.0,35.0,0,6.0,1,1,1.0,1,0,1,0,5.65,24.0,0.0,25.5,0.0,0,0,1,0,1,1,1,1,0,2,1
3.0,23.0,0,2.0,20.0,1,4.0,1,1,1.0,0,1,0,0,4.65,0.0,30.0,0.0,0.0,0,1,0,1,0,0,0,1,1,0,0
54.0,56.0,0,8.0,207.0,1,35.0,1,0,1.0,1,0,1,0,9.0,25.25,0.0,9.0,0.0,0,0,0,0,1,1,1,1,0,2,0
18.0,29.0,0,4.0,40.0,1,1.0,1,1,1.0,0,1,0,0,9.5,0.0,27.35,0.0,0.0,0,0,0,1,1,1,1,0,0,2,0
4.0,37.0,0,2.0,41.0,1,8.0,1,1,1.0,1,1,1,0,2.8,13.5,29.9,16.5,0.0,0,0,1,1,0,1,0,0,0,0,0
53.0,64.0,1,17.0,380.0,1,36.0,1,0,2.0,1,0,1,0,12.85,40.25,0.0,15.0,0.0,0,0,0,0,1,1,1,1,0,2,0
13.0,38.0,1,8.0,104.0,3,6.0,1,1,7.0,1,0,1,1,10.25,21.5,0.0,25.75,58.85,0,1,1,1,1,1,1,1,1,3,1
67.0,42.0,1,20.0,81.0,2,20.0,1,0,5.0,1,0,1,1,24.4,41.25,0.0,9.5,36.7,1,1,1,0,1,1,1,1,0,3,0
6.0,24.0,0,2.0,17.0,0,1.0,1,1,1.0,1,0,1,0,3.25,21.0,0.0,15.25,0.0,0,0,0,0,1,1,0,1,0,2,0
25.0,46.0,0,13.0,45.0,0,12.0,1,0,1.0,1,0,0,0,5.4,16.0,0.0,0.0,0.0,0,1,0,0,0,1,1,0,0,2,0
15.0,39.0,0,19.0,32.0,1,2.0,1,1,1.0,0,1,0,0,3.45,0.0,31.85,0.0,0.0,1,1,0,0,0,0,0,0,1,1,1
22.0,39.0,0,0.0,63.0,3,9.0,1,1,1.0,0,1,0,0,6.2,0.0,21.35,0.0,0.0,1,0,0,1,0,0,0,0,1,1,1
3.0,31.0,1,4.0,22.0,0,1.0,1,1,2.0,0,1,0,0,3.4,0.0,22.7,0.0,0.0,0,0,0,1,0,1,0,0,1,0,1
49.0,54.0,0,24.0,30.0,1,5.0,1,1,1.0,0,0,1,0,15.5,0.0,0.0,14.25,0.0,1,0,0,0,0,0,1,0,0,1,0
2.0,28.0,0,7.0,46.0,2,0.0,1,0,1.0,0,0,0,1,3.45,0.0,0.0,0.0,15.1,1,0,1,0,1,1,0,1,1,3,0
39.0,47.0,0,1.0,68.0,3,10.0,1,0,2.0,0,0,0,0,8.3,0.0,0.0,0.0,0.0,1,0,0,1,0,0,0,0,1,1,1
38.0,40.0,0,15.0,34.0,1,11.0,1,0,1.0,0,1,1,0,4.25,0.0,19.8,7.0,0.0,1,0,0,1,0,0,0,0,0,1,0
18.0,38.0,0,8.0,45.0,1,2.0,1,0,4.0,1,1,1,1,2.7,31.5,36.25,15.0,23.4,0,1,0,1,1,1,1,1,1,3,1
6.0,42.0,1,17.0,29.0,1,2.0,1,0,2.0,1,0,1,1,4.3,25.75,0.0,29.0,31.9,0,1,1,0,1,1,1,1,0,3,0
4.0,36.0,0,0.0,21.0,1,1.0,1,0,3.0,0,0,0,0,3.3,0.0,0.0,0.0,0.0,0,0,0,0,0,0,0,1,0,0,0
13.0,23.0,1,3.0,30.0,2,0.0,1,0,4.0,1,1,0,0,5.15,24.25,28.85,0.0,0.0,1,1,1,1,1,0,1,1,0,3,0
34.0,49.0,1,27.0,61.0,2,15.0,1,0,2.0,1,0,0,0,12.65,34.25,0.0,0.0,0.0,0,0,0,0,1,1,1,1,0,2,0
46.0,29.0,1,4.0,90.0,4,3.0,1,1,4.0,1,0,1,1,16.85,40.5,0.0,34.5,39.8,0,1,1,1,1,1,1,1,0,3,0
48.0,41.0,0,21.0,43.0,1,7.0,1,1,1.0,0,0,1,0,19.5,0.0,0.0,11.75,0.0,1,0,0,0,0,0,0,0,0,1,0
32.0,34.0,1,7.0,32.0,1,15.0,1,1,4.0,0,0,0,0,9.25,0.0,0.0,0.0,0.0,0,0,0,0,0,0,0,1,0,0,0
50.0,25.0,1,1.0,36.0,3,2.0,1,0,5.0,0,1,1,1,13.05,0.0,40.6,10.25,40.85,1,1,1,0,1,1,1,1,1,3,0
51.0,48.0,0,27.0,58.0,0,18.0,1,1,1.0,1,0,1,0,19.2,25.75,0.0,9.25,0.0,0,0,0,0,1,0,1,1,0,2,1
19.0,50.0,0,7.0,112.0,3,3.0,1,0,1.0,0,1,1,1,7.15,0.0,44.8,14.25,46.55,1,1,1,0,1,1,0,1,1,3,0
52.0,35.0,1,8.0,40.0,3,1.0,1,1,2.0,1,1,1,1,10.75,33.5,35.3,11.0,44.6,1,1,0,0,1,1,1,1,0,2,0
55.0,37.0,1,15.0,23.0,1,0.0,1,0,5.0,1,0,1,0,12.95,32.5,0.0,26.25,0.0,1,0,0,0,1,1,1,1,0,2,0
48.0,35.0,0,5.0,63.0,3,12.0,1,1,2.0,0,0,1,0,13.4,0.0,0.0,27.5,0.0,1,0,1,0,1,1,1,1,0,2,1
48.0,31.0,1,12.0,52.0,3,3.0,1,1,3.0,1,1,1,1,8.15,26.5,50.95,31.75,55.55,1,1,1,1,1,1,1,1,1,3,0
54.0,32.0,1,0.0,50.0,0,15.0,1,1,3.0,1,1,1,0,18.15,46.25,49.2,21.25,0.0,0,0,0,0,1,1,1,1,0,2,1
4.0,37.0,1,1.0,33.0,1,15.0,1,0,5.0,0,1,0,0,2.45,0.0,21.9,0.0,0.0,0,0,0,1,0,0,0,0,1,0,1
49.0,27.0,1,3.0,29.0,2,6.0,1,0,3.0,0,1,0,0,10.4,0.0,44.0,0.0,0.0,1,1,0,1,0,0,0,0,1,1,1
23.0,35.0,0,2.0,96.0,2,4.0,1,1,1.0,0,1,1,1,6.4,0.0,37.6,22.75,46.2,1,1,1,1,1,1,1,1,1,3,1
34.0,30.0,0,3.0,35.0,1,2.0,1,0,3.0,1,0,1,0,9.05,21.5,0.0,8.0,0.0,0,1,0,0,1,1,1,1,1,2,0
10.0,23.0,0,4.0,36.0,1,1.0,1,1,3.0,1,0,1,0,8.55,14.75,0.0,22.0,0.0,0,0,0,0,1,1,1,1,0,2,0
65.0,48.0,0,28.0,94.0,0,25.0,1,1,1.0,0,0,1,0,10.4,0.0,0.0,22.5,0.0,1,0,0,0,0,0,0,0,0,1,0
23.0,35.0,0,4.0,118.0,1,11.0,1,1,1.0,0,1,0,0,7.9,0.0,30.15,0.0,0.0,0,1,0,1,0,0,0,0,1,0,1
18.0,28.0,1,3.0,22.0,0,2.0,1,0,5.0,0,0,1,0,3.15,173.0,0.0,9.5,0.0,0,0,0,0,0,0,0,0,0,0,0
13.0,40.0,0,16.0,142.0,1,18.0,1,0,1.0,0,0,0,0,8.45,0.0,0.0,0.0,0.0,0,0,0,0,0,0,0,0,0,0,1
67.0,47.0,1,7.0,97.0,0,23.0,1,1,4.0,0,0,1,0,22.4,0.0,0.0,18.5,0.0,0,0,0,0,1,1,1,1,0,2,0
13.0,23.0,1,4.0,31.0,0,5.0,1,0,4.0,0,1,0,1,4.6,0.0,35.45,0.0,27.7,0,1,1,1,0,0,0,0,1,0,0
2.0,29.0,1,3.0,44.0,1,9.0,1,0,6.0,1,1,1,1,2.1,16.25,43.2,12.25,33.6,1,1,1,1,1,1,1,1,1,3,1
4.0,40.0,0,12.0,38.0,1,5.0,1,1,1.0,0,0,1,0,8.15,0.0,0.0,12.0,0.0,0,0,0,0,0,0,0,0,0,0,0
35.0,40.0,0,5.0,49.0,0,20.0,1,0,1.0,0,0,0,0,3.4,0.0,0.0,0.0,0.0,0,0,0,0,0,0,0,0,0,0,0
44.0,45.0,1,19.0,88.0,0,21.0,1,1,2.0,1,0,1,0,11.9,25.25,0.0,8.25,0.0,1,0,0,0,1,1,1,1,0,2,0
31.0,24.0,1,3.0,14.0,0,0.0,1,1,4.0,0,0,0,0,7.2,0.0,0.0,0.0,0.0,0,0,0,0,0,0,0,0,0,0,0
45.0,49.0,1,27.0,81.0,1,7.0,1,0,4.0,1,0,1,0,13.85,50.5,0.0,21.0,0.0,0,0,0,0,1,1,1,1,0,2,0
47.0,34.0,1,4.0,63.0,1,13.0,1,0,4.0,0,0,1,0,18.95,0.0,0.0,30.5,0.0,0,0,0,0,0,0,0,0,0,0,0
39.0,34.0,0,4.0,20.0,4,3.0,1,0,1.0,1,1,1,1,9.55,21.25,59.2,10.0,79.2,1,1,1,1,1,1,1,1,1,3,0
19.0,26.0,0,2.0,48.0,2,0.0,1,1,2.0,0,0,1,0,7.55,0.0,0.0,6.5,0.0,0,1,0,0,1,1,1,0,0,2,0
17.0,42.0,0,8.0,58.0,0,23.0,1,1,1.0,0,1,0,0,5.05,0.0,28.65,0.0,0.0,1,1,0,1,0,1,0,0,0,1,1
19.0,65.0,0,3.0,108.0,0,33.0,1,1,3.0,1,0,1,0,5.95,21.5,0.0,11.25,0.0,0,0,0,0,1,1,1,1,0,2,0
32.0,34.0,1,0.0,38.0,0,10.0,1,1,4.0,0,0,1,0,7.35,0.0,0.0,19.25,0.0,1,0,0,0,0,0,0,0,1,1,0
53.0,51.0,0,31.0,245.0,3,0.0,1,1,1.0,1,0,1,0,18.45,28.25,0.0,11.0,0.0,1,0,0,0,0,0,0,1,0,1,0
51.0,38.0,0,19.0,51.0,0,18.0,1,0,1.0,1,0,1,0,11.7,26.0,0.0,23.25,0.0,0,1,0,0,1,1,1,1,0,2,0
35.0,34.0,0,7.0,78.0,3,10.0,1,0,1.0,0,0,1,0,13.9,0.0,0.0,4.5,0.0,0,0,0,0,0,0,0,0,0,0,0
3.0,31.0,1,4.0,23.0,3,4.0,1,1,5.0,1,1,1,1,2.8,16.5,36.0,37.75,21.7,0,1,1,0,1,1,1,1,1,3,1
17.0,21.0,1,0.0,25.0,1,1.0,1,0,3.0,0,0,0,0,6.1,0.0,0.0,0.0,0.0,1,0,0,0,1,0,1,1,1,2,0
68.0,52.0,1,8.0,456.0,2,30.0,1,0,4.0,1,0,1,1,22.25,27.5,0.0,26.75,29.75,1,0,0,0,1,1,1,1,0,2,0
56.0,42.0,1,10.0,24.0,1,5.0,1,1,2.0,0,0,0,0,33.65,0.0,0.0,0.0,0.0,0,0,0,0,1,1,1,1,0,2,0
11.0,32.0,0,8.0,23.0,1,0.0,1,0,1.0,0,1,1,0,6.2,0.0,28.4,7.25,0.0,0,0,0,1,0,0,0,0,1,0,0
16.0,50.0,0,5.0,263.0,1,29.0,1,0,3.0,1,1,0,1,3.75,17.0,31.95,0.0,21.9,0,0,0,0,1,1,1,1,1,2,0
60.0,64.0,0,14.0,33.0,1,13.0,0,1,1.0,1,0,1,1,30.75,22.25,0.0,12.25,47.4,1,1,1,0,1,1,1,1,1,3,0
55.0,47.0,0,11.0,37.0,0,11.0,1,1,1.0,1,0,1,0,14.75,20.25,0.0,10.75,0.0,0,0,0,0,1,0,0,1,0,2,0
18.0,56.0,0,22.0,296.0,1,25.0,1,1,1.0,0,0,1,0,3.4,0.0,0.0,8.25,0.0,0,0,0,0,1,0,0,0,0,0,0
20.0,49.0,1,5.0,264.0,1,29.0,1,0,2.0,0,0,0,0,9.6,0.0,0.0,0.0,0.0,0,0,0,0,0,1,0,0,0,0,0
16.0,27.0,0,5.0,41.0,3,2.0,1,0,1.0,1,1,1,1,6.9,15.75,42.75,17.25,30.95,0,1,1,1,1,1,1,1,1,3,1
18.0,52.0,1,20.0,66.0,0,19.0,1,0,2.0,1,0,1,0,12.8,27.75,0.0,10.5,0.0,0,0,0,1,0,0,1,0,0,0,0
24.0,40.0,1,4.0,39.0,2,5.0,1,0,2.0,1,0,1,1,4.05,25.75,0.0,27.5,22.5,0,0,1,0,1,1,1,1,0,2,0
17.0,42.0,0,6.0,31.0,1,2.0,1,1,1.0,1,0,0,1,8.25,24.5,0.0,0.0,26.4,1,1,0,0,1,1,0,1,1,3,1
9.0,24.0,1,3.0,26.0,3,1.0,1,0,3.0,0,1,0,0,7.65,0.0,23.25,0.0,0.0,0,0,0,0,0,0,1,0,0,0,0
15.0,46.0,0,5.0,232.0,3,15.0,1,0,2.0,1,1,1,1,4.3,23.0,45.15,22.75,31.3,0,1,1,1,1,1,1,1,1,3,1
9.0,41.0,0,12.0,39.0,3,3.0,1,1,1.0,0,1,0,1,4.7,0.0,39.65,0.0,20.8,0,1,1,1,0,0,0,0,1,0,1
19.0,33.0,1,11.0,22.0,0,3.0,1,1,5.0,0,0,1,0,3.95,0.0,0.0,36.25,0.0,1,0,0,0,1,1,0,1,0,2,0
3.0,64.0,0,3.0,9.0,1,6.0,0,1,1.0,0,0,0,0,4.95,0.0,0.0,0.0,0.0,0,0,0,0,0,0,0,0,0,0,1
38.0,44.0,0,1.0,50.0,3,7.0,1,0,1.0,0,1,1,0,7.15,0.0,24.6,10.0,0.0,1,0,0,1,0,0,0,0,1,1,1
42.0,48.0,1,14.0,27.0,2,5.0,1,0,3.0,1,1,1,1,16.5,36.0,54.2,22.75,28.4,1,1,0,0,1,1,1,1,1,3,0
11.0,26.0,0,2.0,53.0,2,3.0,1,1,1.0,1,1,1,1,4.15,21.5,43.7,11.75,38.8,1,1,1,1,0,1,1,0,1,3,1
23.0,50.0,0,1.0,151.0,3,8.0,1,0,1.0,1,0,0,0,8.25,21.75,0.0,0.0,0.0,0,0,0,0,1,0,0,0,0,0,0
37.0,42.0,0,10.0,115.0,0,22.0,1,0,1.0,0,0,1,0,15.1,0.0,0.0,18.5,0.0,0,0,0,0,1,1,1,1,0,2,0
4.0,24.0,0,1.0,17.0,1,2.0,1,1,3.0,0,0,0,0,3.2,0.0,0.0,0.0,0.0,0,0,0,0,0,0,0,0,0,0,1
45.0,54.0,0,25.0,171.0,2,33.0,1,0,1.0,1,0,1,0,9.05,18.5,0.0,8.75,0.0,0,0,0,0,1,1,1,1,0,2,0
3.0,21.0,1,1.0,36.0,2,0.0,1,0,4.0,0,0,0,0,3.2,0.0,0.0,0.0,0.0,0,0,0,0,0,0,0,0,0,0,0
8.0,35.0,0,6.0,31.0,4,7.0,1,1,1.0,1,1,0,1,4.4,17.25,35.65,0.0,42.05,1,1,1,1,1,1,1,1,1,3,1
16.0,59.0,0,5.0,207.0,1,37.0,1,0,2.0,1,0,1,0,7.45,15.5,0.0,11.75,0.0,0,0,1,0,0,1,1,1,1,3,0
8.0,49.0,0,14.0,134.0,3,9.0,1,0,1.0,1,1,1,1,3.0,30.5,59.3,23.5,60.3,1,1,1,1,1,1,1,1,1,3,1
12.0,19.0,1,0.0,15.0,1,0.0,1,0,4.0,0,1,0,0,5.85,0.0,22.15,0.0,0.0,1,0,0,0,0,0,0,0,0,1,0
70.0,44.0,1,24.0,87.0,1,18.0,1,1,3.0,1,0,1,0,18.9,47.5,0.0,25.0,0.0,1,1,0,0,1,1,1,1,0,2,0
9.0,25.0,0,3.0,27.0,0,4.0,1,0,1.0,0,0,0,0,12.2,0.0,0.0,0.0,0.0,0,0,0,0,0,0,0,0,0,0,1
49.0,25.0,0,1.0,27.0,4,0.0,1,0,1.0,0,1,1,1,9.9,0.0,43.15,5.5,26.9,1,1,1,1,0,0,0,0,1,1,0
19.0,27.0,1,3.0,35.0,1,4.0,1,1,6.0,1,0,1,0,5.4,20.5,0.0,23.0,0.0,0,1,1,0,1,1,1,1,0,3,0
12.0,36.0,1,4.0,205.0,3,10.0,1,0,4.0,0,1,0,1,5.95,0.0,38.3,0.0,32.0,1,1,1,1,0,0,0,0,1,1,1
65.0,59.0,0,27.0,732.0,2,31.0,1,0,1.0,0,0,1,0,10.15,0.0,0.0,13.25,0.0,1,1,0,0,0,0,1,1,1,1,0
55.0,46.0,0,8.0,87.0,1,19.0,1,0,1.0,0,1,1,0,17.9,0.0,28.0,15.25,0.0,0,0,0,1,0,0,1,1,1,0,0
71.0,67.0,1,25.0,110.0,0,23.0,1,0,2.0,1,0,1,0,33.85,21.75,0.0,18.25,0.0,0,0,0,0,0,1,1,1,0,2,0
10.0,40.0,0,6.0,22.0,2,6.0,1,0,1.0,0,0,0,0,5.05,0.0,0.0,0.0,0.0,0,0,0,1,0,0,0,0,0,0,1
61.0,29.0,1,5.0,48.0,1,11.0,1,1,4.0,0,0,1,0,17.55,0.0,0.0,37.0,0.0,1,0,0,0,0,0,0,1,0,1,0
67.0,47.0,1,19.0,69.0,2,12.0,1,1,3.0,1,0,1,0,49.35,27.0,0.0,10.25,0.0,1,0,0,0,1,1,1,1,0,2,0
15.0,30.0,1,8.0,90.0,1,11.0,1,1,5.0,1,0,1,1,7.35,18.5,0.0,9.75,23.0,0,0,1,1,1,1,1,1,1,3,0
26.0,43.0,0,23.0,51.0,4,4.0,1,0,1.0,0,1,0,0,7.9,0.0,21.95,0.0,0.0,1,0,0,1,0,0,0,0,0,1,1
36.0,45.0,0,22.0,117.0,2,15.0,1,0,1.0,0,0,0,0,10.5,0.0,0.0,0.0,0.0,1,0,0,0,0,0,0,0,1,1,0
16.0,54.0,0,20.0,147.0,0,29.0,1,1,4.0,1,0,1,0,6.95,23.25,0.0,6.5,0.0,0,0,0,0,1,1,1,1,0,2,0
56.0,30.0,1,9.0,57.0,4,2.0,1,1,4.0,0,1,1,0,16.85,0.0,36.7,6.5,0.0,1,1,0,1,0,0,0,0,1,1,0
54.0,42.0,1,0.0,55.0,3,2.0,1,1,5.0,1,1,1,1,14.3,55.5,62.15,19.25,83.7,1,1,1,1,1,1,1,1,1,3,1
25.0,55.0,0,15.0,37.0,0,7.0,1,0,1.0,0,0,0,0,10.95,0.0,0.0,0.0,0.0,0,0,0,0,0,0,0,0,0,0,1
6.0,35.0,1,6.0,28.0,3,3.0,1,0,3.0,1,1,1,1,3.25,23.0,39.35,18.5,30.3,0,0,1,1,1,1,1,1,0,3,0
30.0,51.0,1,9.0,118.0,4,21.0,1,0,2.0,0,0,0,0,6.4,0.0,0.0,0.0,0.0,0,0,0,0,0,0,0,0,0,0,0
19.0,32.0,0,12.0,71.0,3,5.0,1,0,1.0,1,1,1,1,5.25,21.5,62.4,17.0,47.8,1,1,1,1,1,1,1,1,1,3,1
18.0,25.0,0,4.0,26.0,1,7.0,1,0,3.0,1,0,1,0,3.3,27.5,0.0,31.0,0.0,0,0,0,0,0,0,0,1,0,0,0
1.0,34.0,1,6.0,18.0,0,0.0,1,0,2.0,0,0,0,0,1.6,0.0,0.0,0.0,0.0,0,0,0,1,0,0,0,0,0,0,1
66.0,39.0,0,1.0,66.0,1,15.0,1,0,1.0,0,0,1,0,11.6,0.0,0.0,11.5,0.0,1,0,0,0,0,0,0,0,0,1,0
17.0,41.0,1,9.0,28.0,3,3.0,1,1,6.0,0,0,1,0,1.8,0.0,0.0,10.0,0.0,0,0,0,0,1,1,0,0,0,0,0
16.0,36.0,0,13.0,58.0,3,4.0,1,1,1.0,1,1,0,0,4.85,18.0,31.75,0.0,0.0,0,0,0,0,0,1,1,0,1,0,0
42.0,42.0,1,9.0,41.0,1,13.0,1,1,8.0,1,0,0,0,15.0,29.25,0.0,0.0,0.0,0,1,0,0,0,1,1,0,0,2,0
32.0,37.0,0,9.0,44.0,1,7.0,1,1,1.0,0,0,0,0,11.25,0.0,0.0,0.0,0.0,0,0,0,0,0,0,0,1,1,0,0
68.0,42.0,0,16.0,89.0,3,12.0,1,1,1.0,0,1,1,0,25.6,0.0,33.0,16.0,0.0,1,0,0,1,0,0,0,0,1,1,0
53.0,38.0,1,15.0,20.0,2,6.0,1,0,4.0,0,0,1,1,12.05,0.0,0.0,10.75,20.25,1,0,0,1,0,1,1,0,1,1,0
20.0,51.0,1,11.0,27.0,3,6.0,1,1,3.0,1,0,1,0,9.05,24.75,0.0,11.5,0.0,0,0,0,0,1,1,1,1,1,2,0
32.0,47.0,0,25.0,135.0,1,6.0,1,0,1.0,0,0,0,0,10.5,0.0,0.0,0.0,0.0,0,0,0,1,0,0,0,0,0,0,0
24.0,25.0,1,3.0,28.0,3,0.0,1,1,3.0,0,1,1,1,10.6,0.0,40.4,25.25,23.4,1,0,1,1,0,0,0,0,1,1,0
54.0,59.0,0,28.0,28.0,1,15.0,1,1,1.0,0,1,1,1,10.7,0.0,31.65,5.25,19.05,1,0,0,1,1,0,0,1,0,1,0
62.0,35.0,1,2.0,28.0,1,8.0,1,0,2.0,0,0,1,0,18.45,0.0,0.0,19.0,0.0,1,0,0,0,0,0,0,0,0,1,0
14.0,40.0,0,13.0,398.0,4,11.0,1,0,1.0,1,1,1,1,6.4,18.0,43.1,23.75,47.7,1,1,1,1,1,1,1,1,1,3,1
60.0,48.0,1,22.0,106.0,2,21.0,1,0,3.0,1,0,1,1,13.05,44.25,0.0,17.0,69.55,1,1,1,0,1,1,1,1,0,3,0
30.0,74.0,1,12.0,10.0,0,3.0,0,0,2.0,1,0,1,0,7.25,30.25,0.0,17.25,0.0,0,0,0,0,1,1,1,1,0,2,0
42.0,50.0,1,17.0,85.0,1,15.0,1,0,4.0,0,0,1,0,14.3,0.0,0.0,11.5,0.0,0,0,0,0,0,0,0,0,0,0,0
44.0,49.0,1,2.0,66.0,1,8.0,1,0,4.0,1,0,1,1,4.25,43.25,0.0,38.75,39.55,1,1,1,0,1,1,1,1,0,3,0
5.0,36.0,1,2.0,34.0,0,4.0,1,0,2.0,1,0,0,0,3.5,19.5,0.0,0.0,0.0,0,0,0,0,1,0,1,1,0,2,1
30.0,57.0,1,16.0,19.0,0,1.0,1,1,4.0,0,0,1,0,7.25,0.0,0.0,8.5,0.0,0,0,0,0,0,0,0,0,0,0,1
28.0,48.0,0,20.0,128.0,3,4.0,1,0,1.0,1,1,1,1,10.0,20.75,53.6,26.5,55.3,0,1,1,1,1,1,1,1,1,3,1
5.0,28.0,1,3.0,39.0,4,1.0,1,1,6.0,1,1,1,1,4.7,24.25,44.65,16.5,32.5,1,1,1,1,1,1,1,1,0,3,0
27.0,35.0,0,12.0,56.0,0,3.0,1,0,1.0,1,1,1,1,8.25,32.5,35.65,11.0,33.85,0,1,1,0,1,1,1,1,1,3,0
17.0,39.0,0,12.0,45.0,3,10.0,1,0,1.0,0,1,0,0,8.65,0.0,28.95,0.0,0.0,0,0,0,0,0,0,0,0,1,0,1
4.0,37.0,1,8.0,25.0,0,1.0,1,0,5.0,0,0,0,0,2.5,0.0,0.0,0.0,0.0,0,0,0,0,0,0,0,0,0,0,0
30.0,23.0,1,0.0,24.0,1,1.0,1,0,4.0,1,0,0,0,13.35,22.5,0.0,0.0,0.0,0,0,0,1,1,1,0,1,0,2,0
71.0,40.0,1,19.0,53.0,3,14.0,1,0,2.0,1,0,1,1,10.15,40.0,0.0,27.75,38.35,1,0,1,1,1,1,1,1,0,3,0
67.0,77.0,0,55.0,49.0,0,45.0,0,0,1.0,0,0,1,0,25.35,0.0,0.0,26.75,0.0,0,0,0,0,0,1,0,0,0,0,0
24.0,48.0,1,3.0,38.0,0,16.0,1,0,2.0,0,0,1,0,5.55,0.0,0.0,11.25,0.0,0,0,0,0,0,0,0,0,0,0,0
24.0,54.0,1,7.0,84.0,2,10.0,1,0,2.0,0,1,1,0,11.45,0.0,28.7,10.5,0.0,0,0,0,1,0,0,0,0,1,0,1
59.0,32.0,0,9.0,73.0,3,5.0,1,1,1.0,1,0,1,0,29.2,21.5,0.0,12.75,0.0,1,0,0,0,1,1,0,0,1,1,1
41.0,53.0,1,22.0,94.0,1,25.0,1,1,2.0,0,0,1,0,12.65,0.0,0.0,11.75,0.0,1,0,0,0,0,0,0,1,0,1,0
72.0,49.0,1,23.0,102.0,0,27.0,1,0,6.0,0,0,1,0,41.15,0.0,0.0,33.25,0.0,1,0,0,0,0,0,0,0,0,1,0
52.0,49.0,0,18.0,69.0,1,13.0,1,0,2.0,0,0,1,1,18.35,0.0,0.0,19.0,34.5,0,0,0,0,1,1,1,1,0,2,0
33.0,30.0,1,5.0,22.0,0,0.0,1,1,2.0,1,0,1,1,5.55,33.75,0.0,37.25,30.0,0,0,1,0,1,1,1,1,0,2,0
72.0,66.0,0,26.0,67.0,1,37.0,0,0,1.0,1,0,1,0,39.1,65.0,0.0,39.75,0.0,1,0,0,0,1,1,1,1,0,2,0
40.0,40.0,1,3.0,73.0,3,12.0,1,0,4.0,0,0,1,1,10.0,0.0,0.0,14.0,27.15,1,1,0,0,1,1,1,1,0,2,1
29.0,26.0,0,1.0,22.0,3,2.0,1,0,1.0,0,1,1,1,6.1,0.0,47.0,24.25,35.55,1,1,1,1,1,0,1,1,1,3,1
60.0,50.0,1,26.0,239.0,1,19.0,1,0,2.0,1,0,1,1,21.5,77.75,0.0,10.25,64.2,0,1,1,0,1,1,1,1,0,3,0
65.0,39.0,1,18.0,32.0,1,15.0,1,1,4.0,0,0,1,0,21.1,0.0,0.0,9.75,0.0,0,0,0,0,1,0,1,0,0,2,0
28.0,36.0,0,8.0,57.0,1,13.0,1,0,2.0,1,0,1,0,9.6,21.75,0.0,17.25,0.0,0,0,0,0,1,1,1,1,0,2,0
5.0,35.0,1,9.0,59.0,2,8.0,1,0,5.0,1,1,1,1,3.1,18.5,37.9,22.75,26.4,0,0,1,1,1,1,0,0,1,3,0
48.0,35.0,0,10.0,24.0,1,6.0,1,1,1.0,1,0,1,0,16.95,43.0,0.0,28.5,0.0,0,0,0,0,1,0,1,1,0,2,0
17.0,28.0,0,3.0,37.0,2,2.0,1,0,1.0,0,0,0,0,5.5,0.0,0.0,0.0,0.0,1,0,0,0,0,0,1,1,0,2,1
44.0,31.0,0,8.0,16.0,0,3.0,1,1,1.0,0,0,1,0,14.4,0.0,0.0,12.0,0.0,0,0,0,0,0,0,0,0,0,0,1
59.0,49.0,0,28.0,429.0,3,23.0,1,0,2.0,1,1,1,1,10.2,24.25,42.85,16.0,43.35,1,0,1,0,1,0,1,1,1,3,1
11.0,26.0,0,7.0,20.0,1,4.0,1,1,1.0,0,0,0,0,6.95,0.0,0.0,0.0,0.0,0,0,0,0,0,0,0,0,0,0,0
17.0,19.0,0,0.0,18.0,1,0.0,1,0,2.0,0,1,0,0,7.1,0.0,24.95,0.0,0.0,1,0,0,1,0,0,0,0,1,1,1
69.0,42.0,1,23.0,19.0,2,0.0,1,0,2.0,0,1,1,0,25.95,0.0,36.9,18.75,0.0,0,0,0,1,0,0,0,0,1,0,0
30.0,24.0,1,3.0,30.0,0,7.0,1,0,5.0,0,0,0,0,6.75,0.0,0.0,0.0,0.0,0,0,0,0,0,0,0,0,0,0,1
72.0,59.0,1,12.0,65.0,2,21.0,1,0,6.0,0,1,1,0,34.65,0.0,36.45,40.75,0.0,1,0,0,0,1,0,0,0,0,1,0
34.0,24.0,1,5.0,17.0,3,0.0,1,0,2.0,0,0,1,0,15.25,0.0,0.0,4.75,0.0,0,0,0,0,1,0,0,1,0,2,0
43.0,49.0,1,18.0,66.0,0,22.0,1,1,4.0,0,0,1,0,8.6,0.0,0.0,20.75,0.0,1,0,0,0,0,1,0,1,0,2,0
48.0,42.0,0,21.0,46.0,3,4.0,1,1,1.0,0,0,1,0,14.45,0.0,0.0,41.5,0.0,0,0,0,0,0,1,1,0,0,2,0
50.0,25.0,0,6.0,19.0,0,5.0,1,1,3.0,0,0,1,0,7.25,0.0,0.0,7.5,0.0,0,0,0,0,0,0,0,0,0,0,0
6.0,21.0,0,0.0,15.0,1,1.0,1,0,1.0,0,0,0,0,3.65,0.0,0.0,0.0,0.0,0,0,0,0,0,0,0,0,0,0,0
21.0,43.0,0,13.0,41.0,1,1.0,1,0,1.0,1,1,1,1,6.15,23.75,45.4,12.25,37.25,1,1,1,1,1,1,1,1,1,3,1
4.0,30.0,0,0.0,41.0,1,0.0,1,1,2.0,0,0,0,0,2.0,0.0,0.0,0.0,0.0,0,0,0,0,1,1,1,0,0,2,1
67.0,45.0,1,22.0,83.0,2,11.0,1,0,2.0,0,0,1,0,27.0,0.0,0.0,10.75,0.0,1,0,0,0,0,0,1,0,1,1,0
22.0,35.0,0,12.0,28.0,1,3.0,1,1,2.0,0,0,0,0,6.6,0.0,0.0,0.0,0.0,1,0,1,1,0,0,0,0,0,1,1
51.0,37.0,1,17.0,101.0,1,10.0,1,0,2.0,0,0,1,0,14.95,0.0,0.0,9.5,0.0,1,0,0,0,0,1,1,0,0,2,0
50.0,28.0,0,6.0,28.0,0,10.0,1,0,1.0,1,1,1,1,6.4,17.25,36.85,12.75,22.0,1,0,0,0,0,1,1,1,0,2,0
7.0,31.0,1,12.0,31.0,1,7.0,1,0,6.0,0,0,0,0,5.05,0.0,0.0,0.0,0.0,0,0,0,0,0,0,0,0,1,0,1
20.0,40.0,0,2.0,209.0,3,15.0,1,0,1.0,0,0,1,0,7.2,0.0,0.0,4.75,0.0,1,0,0,0,0,0,0,0,1,1,0
58.0,37.0,1,5.0,64.0,3,8.0,1,0,2.0,1,1,1,1,10.8,58.75,63.25,37.75,109.7,1,1,1,1,1,1,1,1,1,3,1
72.0,61.0,1,34.0,61.0,0,8.0,1,1,3.0,0,0,1,0,27.35,0.0,0.0,13.25,0.0,1,0,0,0,0,0,0,0,0,1,0
18.0,34.0,1,4.0,42.0,1,14.0,1,0,5.0,1,0,1,0,6.45,19.0,0.0,17.0,0.0,0,1,1,0,1,1,1,1,0,3,0
70.0,59.0,0,27.0,85.0,0,19.0,1,0,1.0,1,0,1,0,38.9,62.5,0.0,62.0,0.0,0,0,0,0,1,1,1,1,0,2,0
20.0,48.0,1,21.0,45.0,2,2.0,1,0,2.0,1,0,1,1,10.7,33.0,0.0,27.5,29.4,1,1,0,0,1,1,1,1,0,2,1
36.0,48.0,0,28.0,29.0,0,2.0,1,1,1.0,0,0,0,0,6.0,0.0,0.0,0.0,0.0,0,0,0,0,0,0,0,0,0,0,0
18.0,45.0,1,17.0,43.0,0,9.0,1,1,3.0,1,0,1,0,4.45,17.0,0.0,13.75,0.0,0,0,0,0,1,1,1,0,0,2,0
16.0,27.0,0,8.0,16.0,4,0.0,1,0,1.0,1,1,1,1,5.45,17.75,44.85,13.5,33.9,0,0,1,0,1,1,1,1,1,3,1
52.0,45.0,1,19.0,40.0,2,9.0,1,0,3.0,0,1,1,1,8.45,0.0,34.35,14.5,34.1,1,1,0,1,0,0,1,1,1,3,0
31.0,46.0,0,23.0,144.0,3,13.0,1,1,1.0,1,0,1,0,7.6,15.25,0.0,9.75,0.0,0,0,0,1,1,1,1,0,1,2,0
38.0,56.0,1,34.0,34.0,1,0.0,1,0,3.0,0,0,0,1,7.8,0.0,0.0,0.0,24.65,1,0,0,1,1,1,1,1,0,2,0
50.0,54.0,0,15.0,248.0,2,28.0,1,0,1.0,1,0,1,1,11.05,17.25,0.0,5.5,29.15,1,0,0,0,1,1,1,0,0,2,0
16.0,49.0,0,17.0,41.0,1,5.0,1,1,1.0,1,1,0,1,4.1,14.0,39.15,0.0,31.8,0,1,1,1,0,0,1,0,0,3,0
14.0,34.0,1,4.0,27.0,3,1.0,1,0,2.0,1,1,1,1,6.05,23.5,36.25,20.5,37.85,0,1,1,1,1,0,1,1,1,3,0
59.0,26.0,1,3.0,41.0,3,1.0,1,0,3.0,0,1,1,1,12.65,0.0,35.1,46.75,29.15,1,0,0,1,0,0,0,0,0,1,1
9.0,40.0,0,13.0,38.0,3,7.0,1,0,1.0,1,1,1,1,3.35,21.0,42.4,17.5,59.55,0,1,1,1,1,1,1,1,1,3,1
67.0,67.0,1,38.0,49.0,1,10.0,1,0,2.0,0,1,1,0,14.3,0.0,29.25,25.25,0.0,1,0,0,1,0,0,0,0,1,1,0
24.0,44.0,0,19.0,33.0,2,0.0,1,0,2.0,0,1,0,0,4.65,0.0,26.65,0.0,0.0,0,0,0,0,0,0,0,1,1,0,0
3.0,32.0,0,4.0,58.0,1,11.0,1,1,4.0,1,1,1,1,2.75,15.75,29.5,9.25,28.55,1,1,1,0,0,0,1,0,1,3,1
20.0,46.0,0,2.0,23.0,4,4.0,1,0,2.0,0,0,0,0,4.75,0.0,0.0,0.0,0.0,1,1,0,1,1,1,1,0,1,3,0
5.0,52.0,1,0.0,97.0,4,9.0,1,1,2.0,1,1,1,1,3.1,16.5,35.25,25.5,40.3,0,1,1,1,1,1,1,1,0,3,1
54.0,28.0,1,2.0,21.0,2,3.0,1,1,4.0,0,0,1,0,10.4,0.0,0.0,25.75,0.0,0,0,0,0,0,0,0,0,0,0,0
49.0,35.0,1,15.0,113.0,3,4.0,1,1,5.0,0,0,0,0,16.1,0.0,0.0,0.0,0.0,1,0,0,0,0,0,0,0,1,1,0
5.0,39.0,0,0.0,22.0,0,0.0,1,0,2.0,1,0,1,0,4.7,19.0,0.0,9.25,0.0,0,0,0,0,1,1,1,1,0,2,0
43.0,29.0,0,4.0,33.0,0,13.0,1,0,4.0,1,0,1,1,22.05,18.75,0.0,7.5,24.95,1,0,0,0,1,1,1,1,0,2,0
37.0,33.0,0,4.0,41.0,2,8.0,1,0,3.0,0,1,0,0,9.2,0.0,30.45,0.0,0.0,1,0,0,0,1,0,0,0,1,1,1
8.0,39.0,0,0.0,39.0,0,7.0,1,0,1.0,1,0,0,0,3.15,10.75,0.0,0.0,0.0,0,0,0,0,0,0,0,0,0,0,0
51.0,46.0,1,8.0,107.0,1,21.0,1,0,6.0,1,0,1,1,17.3,25.75,0.0,23.0,37.4,1,0,1,0,1,1,1,1,0,2,0
56.0,53.0,1,23.0,100.0,4,14.0,1,0,2.0,0,1,1,0,14.15,0.0,34.2,9.5,0.0,1,1,0,1,0,0,0,0,1,1,0
62.0,53.0,0,14.0,360.0,2,26.0,1,0,2.0,1,0,1,0,31.9,53.25,0.0,16.5,0.0,1,0,0,0,1,1,1,1,0,2,0
69.0,47.0,1,10.0,159.0,1,24.0,1,1,4.0,0,0,1,0,25.2,0.0,0.0,36.25,0.0,0,0,0,0,1,0,1,0,0,2,1
19.0,25.0,1,6.0,27.0,3,0.0,1,0,2.0,1,0,1,0,9.55,20.5,0.0,34.75,0.0,0,1,0,0,1,1,1,1,0,2,1
32.0,22.0,1,2.0,17.0,1,2.0,1,0,4.0,1,0,1,0,4.8,28.0,0.0,19.0,0.0,0,1,0,0,1,1,1,1,0,2,1
39.0,44.0,1,14.0,418.0,3,18.0,1,1,2.0,1,0,1,0,7.05,27.5,0.0,17.5,0.0,0,1,1,0,1,1,1,1,0,3,0
72.0,53.0,0,12.0,152.0,1,32.0,1,0,1.0,1,0,1,1,43.25,50.5,0.0,19.25,44.9,1,0,1,1,1,1,1,0,0,3,0
4.0,39.0,0,11.0,38.0,3,1.0,1,1,2.0,1,0,1,1,2.8,22.75,0.0,13.75,30.2,0,1,1,1,1,1,1,1,0,3,1
54.0,50.0,1,5.0,151.0,3,20.0,1,1,3.0,1,0,1,1,21.95,40.25,0.0,25.75,21.8,1,0,0,0,1,1,1,1,0,2,0
16.0,48.0,0,25.0,59.0,1,13.0,1,1,2.0,1,0,1,0,7.85,20.25,0.0,14.0,0.0,0,0,0,0,1,1,1,1,0,2,1
13.0,41.0,0,9.0,55.0,1,12.0,1,0,3.0,0,0,0,0,4.85,0.0,0.0,0.0,0.0,0,0,0,0,0,0,0,0,1,0,0
58.0,36.0,1,13.0,39.0,1,8.0,1,0,7.0,1,0,1,1,16.4,38.25,0.0,55.5,57.05,1,1,1,1,1,1,1,1,1,3,1
25.0,38.0,1,19.0,56.0,0,19.0,1,0,2.0,0,1,1,1,10.55,0.0,31.95,32.75,23.65,0,1,0,0,1,0,0,1,0,2,0
22.0,33.0,1,13.0,119.0,4,0.0,1,0,4.0,1,1,0,1,4.3,23.25,51.6,0.0,60.35,1,1,1,1,1,1,0,1,1,3,1
69.0,58.0,1,29.0,26.0,1,7.0,1,0,3.0,1,1,1,1,32.65,33.0,54.0,29.25,50.65,1,1,1,1,1,1,1,1,0,3,0
38.0,49.0,1,3.0,33.0,3,11.0,1,1,4.0,0,1,0,1,6.85,0.0,42.1,0.0,25.15,1,0,0,1,0,1,0,1,1,1,0
10.0,23.0,0,1.0,29.0,3,0.0,1,0,1.0,1,1,1,1,4.95,32.0,53.25,35.75,50.45,1,1,1,1,1,1,1,1,1,3,0
7.0,41.0,0,6.0,94.0,1,16.0,1,1,1.0,1,1,1,1,3.85,28.0,37.65,9.0,41.4,1,1,1,0,1,1,1,1,1,3,0
51.0,49.0,1,13.0,203.0,2,27.0,1,1,4.0,1,0,1,0,17.6,22.0,0.0,21.75,0.0,0,1,0,0,1,1,1,1,0,2,0
5.0,34.0,0,12.0,22.0,1,2.0,1,1,2.0,1,1,0,1,3.6,12.5,28.5,0.0,19.3,0,1,0,0,0,1,1,0,1,0,1
22.0,39.0,0,4.0,55.0,1,17.0,1,0,1.0,1,0,1,1,5.4,38.75,0.0,17.75,50.2,0,1,1,1,1,1,1,1,1,3,1
51.0,45.0,1,4.0,46.0,2,6.0,1,1,2.0,1,1,1,1,20.7,34.75,48.65,32.25,48.65,1,1,1,1,1,1,1,1,0,3,0
9.0,36.0,0,1.0,79.0,2,11.0,1,0,5.0,1,1,1,1,5.8,27.75,33.75,30.75,25.9,0,1,0,0,1,1,1,1,0,2,1
15.0,25.0,1,0.0,51.0,2,2.0,1,0,2.0,0,0,0,0,3.15,0.0,0.0,0.0,0.0,0,0,0,0,0,0,0,0,0,0,0
57.0,63.0,0,19.0,61.0,0,27.0,1,1,1.0,1,0,1,0,12.7,38.25,0.0,33.75,0.0,0,0,0,0,1,1,1,1,0,2,0
48.0,45.0,0,15.0,41.0,0,10.0,1,0,2.0,0,0,0,0,10.2,0.0,0.0,0.0,0.0,0,0,0,0,0,0,0,0,0,0,0
61.0,52.0,0,21.0,82.0,0,18.0,1,1,1.0,0,0,1,0,12.1,0.0,0.0,15.75,0.0,0,0,0,0,1,0,1,1,0,2,0
57.0,60.0,0,20.0,14.0,1,27.0,0,0,1.0,1,0,1,0,16.1,14.0,0.0,11.75,0.0,0,0,0,0,0,1,1,1,0,2,0
45.0,39.0,1,15.0,36.0,0,11.0,1,0,5.0,0,0,1,0,15.2,0.0,0.0,14.25,0.0,0,0,0,1,0,0,0,0,0,0,0
55.0,44.0,0,24.0,83.0,0,23.0,1,0,1.0,1,0,1,0,17.35,24.5,0.0,14.25,0.0,0,0,0,0,0,0,1,1,0,2,0
34.0,23.0,1,3.0,24.0,0,7.0,1,0,4.0,1,0,1,0,6.0,28.0,0.0,12.75,0.0,0,0,0,0,0,1,1,1,0,2,0
14.0,37.0,1,5.0,48.0,2,1.0,1,0,4.0,1,0,0,0,4.9,14.5,0.0,0.0,0.0,0,0,0,0,0,0,0,0,0,0,0
3.0,26.0,1,6.0,59.0,3,0.0,1,0,3.0,1,1,1,1,2.55,23.5,29.6,10.75,19.2,0,1,1,0,1,0,1,1,0,3,1
4.0,30.0,0,1.0,45.0,3,6.0,1,1,3.0,0,1,1,0,3.65,0.0,34.2,29.0,0.0,0,1,0,1,1,0,1,1,1,3,1
44.0,56.0,0,4.0,63.0,1,6.0,1,0,1.0,1,0,0,0,7.5,20.25,0.0,0.0,0.0,1,0,0,0,1,1,0,0,0,2,1
50.0,43.0,0,6.0,27.0,2,4.0,1,1,1.0,1,0,1,0,15.0,45.25,0.0,52.75,0.0,0,0,0,0,1,1,1,1,0,2,0
34.0,52.0,1,2.0,106.0,1,19.0,1,1,2.0,1,0,1,0,4.95,19.0,0.0,13.5,0.0,0,0,0,1,1,0,1,1,0,2,0
67.0,59.0,0,40.0,944.0,4,33.0,1,0,1.0,1,1,1,1,26.75,32.0,54.55,35.75,65.8,1,1,1,1,1,1,1,1,1,3,0
70.0,49.0,0,18.0,87.0,1,22.0,1,0,1.0,1,0,1,0,25.6,33.5,0.0,25.25,0.0,0,1,0,0,1,1,1,1,0,2,0
50.0,36.0,1,7.0,39.0,2,3.0,1,0,3.0,0,1,1,0,13.15,0.0,33.6,16.25,0.0,1,0,0,1,0,0,0,0,1,1,1
